{"version":1,"clouddialversion":3,"preview":"preview.png","name":"w2","author":"qalrix","description":"IDW20","deviceId":"IDW20","bluetooth":false,"disturb":false,"battery":false,"compress":"LZ4","environment":"Production","item":[{"widget":"watch","type":"time","x":0,"y":0,"w":320,"h":385,"fgcolor":"0xFFFFFFFF","stepless_rotation":0,"second":"watch_s.png","seccenterx":11,"seccentery":172,"secanchorx":160,"secanchory":193,"minute":"watch_m.png","mincenterx":13,"mincentery":151,"minanchorx":160,"minanchory":193,"hour":"watch_h.png","hourcenterx":17,"hourcentery":96,"houranchorx":160,"houranchory":193}],"bkground":"bg1.png"}