{
    "version": 1,
    "clouddialversion": 3,
    "preview": "preview.png",
    "name": "w1",
    "author": "ac",
    "description": "IDW20",
    "deviceId": "IDW20",
    "bluetooth": false,
    "disturb": false,
    "battery": false,
    "compress": "LZ4",
    "item": [
        {
            "widget": "custom",
            "type": "step",
            "isShowAddwh": true,
            "x": 213,
            "y": 285,
            "w": 81,
            "h": 22,
            "fgcolor": "0xFFFFFFFF",
            "fgrender": "0x0",
            "align": "center",
            "font": "g21",
            "fontnum": 10
        },
        {
            "widget": "watch",
            "type": "time",
            "x": 0,
            "y": 0,
            "w": 320,
            "h": 385,
            "fgcolor": "0xFFFFFFFF",
            "stepless_rotation": 0,
            "second": "seconds_1.png",
            "seccenterx": 11,
            "seccentery": 162,
            "secanchorx": 160,
            "secanchory": 193,
            "minute": "minutes_1.png",
            "mincenterx": 15,
            "mincentery": 162,
            "minanchorx": 160,
            "minanchory": 193,
            "hour": "hours_1.png",
            "hourcenterx": 15,
            "hourcentery": 117,
            "houranchorx": 160,
            "houranchory": 193
        }
    ],
    "bkground": "gearbg.png"
}