{
    "version": 1,
    "clouddialversion": 3,
    "preview": "preview.png",
    "name": "w1",
    "author": "ac",
    "description": "IDW20",
    "deviceId": "IDW20",
    "bluetooth": false,
    "disturb": false,
    "battery": false,
    "compress": "LZ4",
    "environment": "Production",
    "item": [
        {
            "widget": "custom",
            "type": "time",
            "x": 60,
            "y": 100,
            "w": 202,
            "h": 51,
            "fgcolor": "0xFFFFFFFF",
            "fgrender": "0xFFFFFFFF",
            "align": "center",
            "font": "g13",
            "fontnum": 11
        },
        {
            "widget": "watch",
            "type": "time",
            "x": 0,
            "y": 0,
            "w": 320,
            "h": 385,
            "fgcolor": "0xFFFFFFFF",
            "hour": "blue_h.png",
            "hourcenterx": 14,
            "hourcentery": 190,
            "houranchorx": 160,
            "houranchory": 193,
            "minute": "blue_m.png",
            "mincenterx": 14,
            "mincentery": 190,
            "minanchorx": 160,
            "minanchory": 193,
            "second": "blue_s.png",
            "seccenterx": 14,
            "seccentery": 190,
            "secanchorx": 160,
            "secanchory": 193
        }
    ],
    "bkground": "bluebg.png"
}