{
    "version": 1,
    "clouddialversion": 3,
    "preview": "preview.png",
    "name": "w4",
    "author": "qalrix",
    "description": "TIT12",
    "deviceId": "TIT12",
    "bluetooth": false,
    "disturb": false,
    "battery": false,
    "compress": "LZ4",
    "item": [
        {
            "widget": "custom",
            "type": "time",
            "isShowAddwh": true,
            "x": 60,
            "y": 100,
            "w": 200,
            "h": 51,
            "fgcolor": "0xFFFFFFFF",
            "fgrender": "0x0",
            "align": "center",
            "font": "g13",
            "fontnum": 11
        },
        {
            "widget": "custom",
            "type": "anima",
            "x": 127,
            "y": 240,
            "w": 75,
            "h": 75,
            "time": 100,
            "turn": 0,
            "animatype": "normal",
            "animaicon": "anima",
            "frame": 5,
            "animabpp": 16,
            "animaformat": "png"
        },
        {
            "widget": "watch",
            "type": "time",
            "x": 0,
            "y": 0,
            "w": 320,
            "h": 385,
            "fgcolor": "0xFFFFFFFF",
            "stepless_rotation": 0,
            "second": "s.png",
            "seccenterx": 14,
            "seccentery": 190,
            "secanchorx": 160,
            "secanchory": 193,
            "minute": "m.png",
            "mincenterx": 14,
            "mincentery": 190,
            "minanchorx": 160,
            "minanchory": 193,
            "hour": "h.png",
            "hourcenterx": 14,
            "hourcentery": 190,
            "houranchorx": 160,
            "houranchory": 193
        }
    ],
    "bkground": "bg.png"
}